{
  "description": "AWSIM Shinjuku route-guidance smoke scenario. This is for validating non-straight UTMR trajectory publishing, not a final benchmark route.",
  "scenarios": [
    {
      "scenario_id": "shinjuku_turn_guidance_001",
      "timeout_s": 120.0,
      "route_length_m": 28.0,
      "route_lookahead_m": 12.0,
      "route_max_lateral_m": 6.0,
      "route_max_yaw_rad": 0.45,
      "allow_synthetic_route_fallback": true,
      "initial_pose": {
        "x": 81377.0,
        "y": 49917.0,
        "z": 41.3,
        "qx": 0.00047656021952033887,
        "qy": -0.005042256930040435,
        "qz": 0.29035442036333825,
        "qw": 0.9569057733710663
      },
      "route_waypoints": [
        {
          "x": 81383.82,
          "y": 49925.0,
          "z": 41.3
        }
      ],
      "goal_pose": {
        "x": 81393.98,
        "y": 49928.02,
        "z": 41.27,
        "qx": 0.00047656021952033887,
        "qy": -0.005042256930040435,
        "qz": 0.29035442036333825,
        "qw": 0.9569057733710663
      },
      "obstacle_frame": "ego",
      "obstacles": []
    }
  ]
}
